DATE;e5;e1;cpi;l_rgdp;l_pnfuel;l_dm1;l_dm2;l_dm2m;l_dmzm
1978-01-01;;5.2;4.138361447638875;;;5.262586437782611;5.360751951915888;5.2651043987352075;5.265604976371076
1978-02-01;;6.4;4.143134726391533;;;5.264817295347863;5.363989598256387;5.268010268610774;5.268558049181432
1978-03-01;;6.3;4.14946386144318;;;5.269861260320104;5.368301330690012;5.271958151746727;5.272640088764288
1978-04-01;;6.7;4.157319361383489;;;5.2786213434585525;5.3744498694882985;5.277913837038861;5.278685331019746
1978-05-01;;6.9;4.1666652238017265;;;5.292712044580417;5.383390356886532;5.28693508045058;5.287797105587371
1978-06-01;;6.5;4.174387269895637;;;5.29824836179208;5.386543088984731;5.289055331683599;5.2900137100502524
1978-07-01;;6.6;4.182050142641207;;;5.300706292432457;5.385883495747844;5.28676280728545;5.287811218203105
1978-08-01;;8.7;4.188138441508461;;;5.306045878899503;5.389974773333863;5.29002834458815;5.291153006521186
1978-09-01;;6.9;4.197201947661808;;;5.313510852596743;5.395782660909679;5.2949786132361;5.296271146274111
1978-10-01;;7.4;4.206184043977636;;;5.316381889329459;5.397160556706079;5.295157421212489;5.296546597983699
1978-11-01;;7.5;4.212127597878484;;;5.320715793406786;5.396780971301056;5.293279098542014;5.294718683111432
1978-12-01;;7.3;4.21803603456465;;;5.323932571047983;5.393951742454523;5.288498318518563;5.290027832607342
1979-01-01;;7.8;4.22683374526818;;;5.326070535694346;5.388463162842691;5.28080834824886;5.282410396170159
1979-02-01;1.9740810260220096;9.3;4.237000862623624;;;5.3284407069230095;5.3857837550174334;5.276571147658059;5.278287752852531
1979-03-01;;8.8;4.247065649239764;;;5.3343037266002105;5.387281230329694;5.276767678940728;5.2786601398496655
1979-04-01;;9.7;4.257030144499196;;;5.348436279862095;5.392931044368014;5.28117207095023;5.283203061298746
1979-05-01;;9.8;4.268297869345539;;;5.351978867150211;5.393387858690275;5.280360492753121;5.282623171189923
1979-06-01;;9.9;4.279440045898781;;;5.3613225037659005;5.400000319147082;5.286474283049231;5.288858098621768
1979-07-01;;9.9;4.290459441148391;;;5.370970027674828;5.4064479313041325;5.292624799958813;5.295189986010361
1979-08-01;;9.9;4.300002799195291;;;5.374455912004911;5.410802848280208;5.2961088485183785;5.298861085669323
1979-09-01;;9.6;4.309455941839047;;;5.37532347145596;5.409504435380188;5.293031221678323;5.295967637285396
1979-10-01;;9.0;4.320151230955794;;;5.379505813625221;5.404467919817388;5.2854713240425175;5.288659770176935
1979-11-01;;10.0;4.330733340286331;;;5.3793238431919015;5.395825110617546;5.273428583743433;5.276929967986707
1979-12-01;;9.9;4.3425058765115985;;;5.381827460987676;5.394348339859736;5.270181577238541;5.273892645607239
1980-01-01;;10.4;4.356708826689592;;;5.3922372463644095;5.3953624533207964;5.269968967295764;5.2738830799510215
1980-02-01;2.272125885509337;10.0;4.3694478524670215;;;5.402464308018261;5.396738664116755;5.270002604090848;5.274135362386325
1980-03-01;;10.2;4.383275854074314;;;5.398195700102086;5.386981485194731;5.2571302158612605;5.261282089152871
1980-04-01;;10.1;4.393213824064446;;;5.385264073219133;5.370501453212444;5.234712132565654;5.23876005473095
1980-05-01;;8.6;4.403054001865957;;;5.388089893961274;5.371285422380521;5.232262455338562;5.236727481749915
1980-06-01;;8.5;4.412798293340635;;;5.397828406240896;5.382732710669667;5.247573740717549;5.2523568145713515
1980-07-01;;9.6;4.414009680526933;;;5.4089355418142935;5.397491686901118;5.266573179103316;5.271759807993676
1980-08-01;2.163323025660538;7.6;4.421247347827163;;;5.420987852549512;5.413423996470759;5.2854731178433605;5.2905654966017925
1980-09-01;2.2300144001592104;9.1;4.429625613473161;;;5.4341793188227046;5.424427027152834;5.297399820132312;5.301911562234133
1980-10-01;;9.6;4.439115601658009;;;5.443231370230781;5.430702849945093;5.303549837292811;5.307690746042024
1980-11-01;;8.6;4.449685283147696;;;5.44642489185727;5.429845736201052;5.3005051910874;5.30447034148493
1980-12-01;;9.7;4.45898767581001;;;5.440326938792132;5.41721748759819;5.282374793882403;5.286230067640996
1981-01-01;2.0014800002101243;9.5;4.468204330914934;;;5.437775508477799;5.403544268867959;5.261785126096532;5.265932574038946
1981-02-01;1.9021075263969205;8.6;4.477336814478207;;;5.439691953374929;5.399979715739257;5.255772332174757;5.260244789433336
1981-03-01;1.7749523509116738;7.2;4.484131857611035;;;5.446043499923545;5.40245858206362;5.257279825097356;5.262097124876325
1981-04-01;;8.0;4.489759334476764;;;5.461385518025933;5.413065524293642;5.268881652724496;5.273934366722741
1981-05-01;;7.3;4.49647076906475;;;5.454333343860085;5.40657533794622;5.260316008048924;5.2653405152461135
1981-06-01;;7.1;4.505349850705881;;;5.454480310888213;5.402780995204536;5.254308779088291;5.2593416420036325
1981-07-01;1.7578579175523736;6.8;4.516338972281476;;;5.457512124440701;5.404976576032107;5.256468065838783;5.261706625380847
1981-08-01;1.9021075263969205;5.8;4.523960130562548;;;5.456612066710568;5.40118598921678;5.250831622016612;5.256296748578525
1981-09-01;1.8718021769015913;6.9;4.533674184283021;;;5.4557880068371745;5.397201842157923;5.245416371614749;5.251541963868217
1981-10-01;;6.7;4.536891345234797;;;5.458445035516269;5.396538735687172;5.243182357762424;5.2499311004306914
1981-11-01;;7.3;4.541164856012179;;;5.463768795670531;5.400446207107893;5.246784293520297;5.253862976430021
1981-12-01;;5.3;4.544358046591334;;;5.474531689038615;5.408800141389149;5.255925650640783;5.263451043433464
1982-01-01;1.8082887711792655;5.1;4.547541073151455;;;5.48684150969447;5.4193167852318656;5.267212519998816;5.274546484131097
1982-02-01;1.7749523509116738;5.2;4.550714000192032;;;5.484445191153394;5.417160308582068;5.2638408830515635;5.270595162531007
1982-03-01;1.6094379124341003;4.2;4.550714000192032;;;5.484649771397204;5.418063133921313;5.263231551169;5.270126461679452
1982-04-01;;4.7;4.553876891600541;;;5.492616299556838;5.424591777887523;5.269179375852371;5.275980553020384
1982-05-01;;3.5;4.563305981889393;;;5.492294912801212;5.4261344499867485;5.269728099431828;5.276987710513493
1982-06-01;;4.6;4.574710978503383;;;5.493025727321684;5.427961257586625;5.2710059119678165;5.278547191230426
1982-07-01;1.667706820558076;5.0;4.579852378003801;;;5.493746779725017;5.427748520764445;5.269438471676796;5.277585248458238
1982-08-01;1.6863989535702288;4.8;4.581901559048737;;;5.500248014843415;5.434701365184145;5.2769157556393695;5.286246323487963
1982-09-01;1.62924053973028;4.5;4.581901559048737;;;5.510579928340971;5.443680288131055;5.286826471474876;5.296492240254813
1982-10-01;;4.7;4.585987366571318;;;5.523594677946034;5.456570839561267;5.3033024147927526;5.312832162905917
1982-11-01;;4.5;4.584967478670572;;;5.535852893136319;5.4682413339010845;5.31825239280008;5.327644716606507
1982-12-01;;3.7;4.581901559048737;;;5.541796949241868;5.463867883957048;5.31684755090225;5.3258718506147416
1983-01-01;1.6094379124341003;2.8;4.583946549536464;;;5.545189844248277;5.462707422028341;5.329806703737357;5.338191413528539
1983-02-01;1.5686159179138452;3.0;4.584967478670572;;;5.555601010116724;5.4654237077029375;5.342503077598783;5.3505401942053
1983-03-01;1.589235205116581;1.8;4.585987366571318;;;5.566434583494002;5.470676802390739;5.352530587106406;5.359828438009545
1983-04-01;;3.4;4.593097604753822;;;5.5695943665107706;5.473262131831248;5.356542866586175;5.363189723593359
1983-05-01;;3.2;4.597138014290827;;;5.581430308904347;5.480194389631849;5.365801143011001;5.372210417596008
1983-06-01;;3.2;4.599152113662528;;;5.587873198243075;5.484439455188603;5.37076626154753;5.376892127142789
1983-07-01;1.6094379124341003;3.2;4.603168183317418;;;5.594231472619377;5.488637662161139;5.3742922486587466;5.3799883106280175
1983-08-01;1.589235205116581;3.3;4.6061696863211745;;;5.598632513177464;5.491432212368686;5.376205045261233;5.3815842794277575
1983-09-01;1.6094379124341003;3.3;4.609162207257629;;;5.602569745880633;5.493673582237075;5.3774578471006445;5.382822097821983
1983-10-01;;3.7;4.613138355637268;;;5.608735062463643;5.4982271854900695;5.380370994926014;5.385758915805769
1983-11-01;;3.5;4.616110126026426;;;5.610994549471908;5.499799706312476;5.380027547051581;5.385389243834774
1983-12-01;;3.5;4.619073091157083;;;5.614956969635943;5.50230253570004;5.381556105526157;5.386868152860638
1984-01-01;1.589235205116581;3.2;4.625952725170619;;;5.6221698020710384;5.507140298483427;5.385530130105371;5.390997034817383
1984-02-01;1.6094379124341003;3.3;4.630837932736669;;;5.625451201799033;5.5118951736432695;5.389466804052738;5.395425034893239
1984-03-01;1.6094379124341003;3.4;4.633757642840004;;;5.630791504094169;5.517571063314287;5.3949850248176165;5.401172083692868
1984-04-01;;3.9;4.637637376125593;;;5.636907426358544;5.523335036391481;5.400523986497189;5.406876146201388
1984-05-01;;4.2;4.639571612705423;;;5.6386702336557555;5.525904265136386;5.402104372138251;5.408465133164391
1984-06-01;;4.2;4.641502115235482;;;5.64446770627942;5.5294437732193895;5.4044577687218025;5.411127807149372
1984-07-01;1.62924053973028;3.4;4.645351975620923;;;5.645255723707308;5.529455644509564;5.402807027084212;5.4095573346241865
1984-08-01;1.589235205116581;3.0;4.648229675448539;;;5.6456083327271775;5.5277810608794296;5.399152118807674;5.405971469381652
1984-09-01;1.589235205116581;3.0;4.651099117876491;;;5.6484610319487825;5.529761922491762;5.399968757728571;5.4067568455642006
1984-10-01;;3.5;4.6549122778829055;;;5.648666149986567;5.53084489850152;5.399972761587993;5.40887885704079
1984-11-01;;3.4;4.6568134191399295;;;5.6548136862010505;5.5369932469609555;5.406059694007267;5.416010374522348
1984-12-01;;3.3;4.658710952916121;;;5.660460187898929;5.543879175378752;5.41326785311912;5.424184569194947
1985-01-01;1.547562508716013;2.9;4.660604892876192;;;5.668429020288314;5.552513593560088;5.42339934486866;5.4346933532548825
1985-02-01;1.5686159179138452;3.1;4.666265285347902;;;5.678172059038952;5.561918483988237;5.4347524023881935;5.445453365954647
1985-03-01;1.547562508716013;3.0;4.6709579265260945;;;5.680977243171562;5.5658257842979095;5.439397233789153;5.449527861823728
1985-04-01;;3.3;4.672828834461906;;;5.6858714274693165;5.5694354819730725;5.443195454943521;5.453514819642517
1985-05-01;;3.2;4.674696248636701;;;5.694053195746863;5.576234132409162;5.4503479526240755;5.461445733736277
1985-06-01;;3.4;4.677490847567717;;;5.703811656884214;5.586004515039168;5.461382080336394;5.473607557690271
1985-07-01;1.5260563034950492;2.8;4.679349584162343;;;5.713720243271941;5.594912645087562;5.472250979580202;5.4833946872992065
1985-08-01;1.547562508716013;2.8;4.681204872264089;;;5.723401079197991;5.603187771655824;5.482698946972324;5.493288420419255
1985-09-01;1.547562508716013;2.9;4.683056724645162;;;5.734182027223332;5.610931386098256;5.492026001661348;5.502083704361192
1985-10-01;;3.3;4.686750172980514;;;5.739574278995932;5.616362151078826;5.498394171843903;5.508327061680612
1985-11-01;;3.1;4.6913478822291435;;;5.744321189094987;5.620839170615025;5.5035461716092335;5.51322207013213
1985-12-01;;3.5;4.695924549256556;;;5.756726306999274;5.629360517413058;5.512731959968518;5.522322124429114
1986-01-01;;2.9;4.699570861409576;;;5.75711011979075;5.631418912942094;5.514422152962811;5.524498036052897
1986-02-01;;2.8;4.697749367281185;;;5.761859610082857;5.635796822604853;5.519118336866101;5.5294451338785375
1986-03-01;1.33500106673234;2.3;4.692264892839025;;;5.7739744100977815;5.645580149846281;5.529855518441668;5.5408344405795065
1986-04-01;;2.4;4.688591794127164;;;5.783288259190086;5.655319378114773;5.541189330333453;5.553065220293885
1986-05-01;;2.7;4.6913478822291435;;;5.797491774500762;5.668137684641558;5.557003699149019;5.569083675619988
1986-06-01;1.3609765531356006;2.9;4.695010889987881;;;5.806958017843938;5.677151606329721;5.5684636679027415;5.5805011496771435
1986-07-01;;2.8;4.695924549256556;;;5.819253130509838;5.6877169729357675;5.581248776964742;5.593562405133723
1986-08-01;;3.0;4.696837374513915;;;5.8272923522111615;5.695694726141408;5.5913795272647535;5.604501606241254
1986-09-01;1.3862943611198906;2.9;4.700480365792417;;;5.8371005180250775;5.704696014167376;5.60286883300384;5.6168540686549715
1986-10-01;;3.2;4.702296896718814;;;5.84290260015742;5.711511983099017;5.612584618752197;5.626285599759089
1986-11-01;;2.8;4.704110133842995;;;5.854100877162871;5.7191813141056125;5.623284872271925;5.635832515944985
1986-12-01;1.33500106673234;3.0;4.707726774313183;;;5.88072119000107;5.7364024896684525;5.644302237258276;5.656250614861062
1987-01-01;;2.9;4.713127327493184;;;5.881249589684162;5.739453985824273;5.648395123962481;5.6599696107934365
1987-02-01;;3.1;4.716711560720999;;;5.879184926435641;5.739282894134806;5.649005675761419;5.6608042974287685
1987-03-01;1.3609765531356006;3.0;4.720282993088596;;;5.880649280305537;5.740970464417589;5.6515114996213605;5.663532779456725
1987-04-01;;3.0;4.724729421045731;;;5.892362713210684;5.7482529550813695;5.66065398152938;5.672454868755142
1987-05-01;;3.4;4.727387818712341;;;5.8945621335083125;5.7502906889843155;5.663186617905537;5.67461162280819
1987-06-01;1.4586150226995167;3.3;4.7318028369214575;;;5.889375218288003;5.748104670303942;5.6593427978056114;5.6711949246411875
1987-07-01;;3.1;4.73444252169223;;;5.88822010603584;5.747745174419325;5.657522801812422;5.669683093022549
1987-08-01;;3.2;4.738826570800765;;;5.8896430524024215;5.749575529839437;5.658322924035112;5.670506579615064
1987-09-01;1.2237754316221157;3.0;4.742320024135325;;;5.892401754696381;5.752504790355469;5.6603475167136015;5.672178548297485
1987-10-01;;3.3;4.74493212836325;;;5.9048318020078865;5.759177352870902;5.6657816507358385;5.677790456664039
1987-11-01;;3.2;4.748404354073999;;;5.9006679124100545;5.7566002175071596;5.6593924221629;5.672468382393566
1987-12-01;1.410986973710262;3.1;4.750135956238277;;;5.8967305964802685;5.7556234747639765;5.65619695496336;5.669507331202
1988-01-01;;3.2;4.7535901911063645;;;5.9034053367905255;5.761740369000263;5.661353644535358;5.6750745214728155
1988-02-01;;3.1;4.755312844417811;;;5.904152569719178;5.765760259453678;5.663574018392629;5.6778299574062725
1988-03-01;;3.2;4.757891273005756;;;5.90840615328454;5.7710794447168565;5.667890817792059;5.682117101424718
1988-04-01;;3.3;4.763881877142913;;;5.9153369063724375;5.7776181204829635;5.674190886254194;5.687795548699612
1988-05-01;;3.3;4.7664383335842135;;;5.918465777779782;5.781751425240357;5.677954433321741;5.691207452095632
1988-06-01;;3.7;4.770684624465665;;;5.9267561827754065;5.787185190391607;5.683432916074674;5.6961057296097986
1988-07-01;;4.6;4.774912960575186;;;5.92882686860899;5.789191901010011;5.6846525294234125;5.697092369581635
1988-08-01;;4.4;4.77912349311153;;;5.931602343749843;5.790354158490207;5.6843454169829535;5.696694639077246
1988-09-01;;3.9;4.783316371371566;;;5.932227971820747;5.790344653196434;5.68193308779888;5.6945287377080405
1988-10-01;;3.9;4.786658062033468;;;5.931189711347989;5.790510364504515;5.6797858557951795;5.692557687751491
1988-11-01;;3.7;4.789988622980633;;;5.933284721672453;5.793882596209039;5.682052534838285;5.694835224606344
1988-12-01;;3.9;4.793308128103486;;;5.935682590577913;5.795473401233845;5.6821893070650855;5.695031959405575
1989-01-01;;3.5;4.797442073635214;;;5.933979573167019;5.793981052454427;5.677848424100976;5.690654288504687
1989-02-01;;4.1;4.800736969532067;;;5.9315060019520995;5.791525352027825;5.67258849635434;5.685357964302169
1989-03-01;;3.7;4.805659046737495;;;5.931430140510361;5.791618712036763;5.6703185381991545;5.683163978270168
1989-04-01;;4.3;4.812997033190408;;;5.9263370921988985;5.7885660925363895;5.663626725991072;5.676906699623031
1989-05-01;;4.6;4.8178592793984425;;;5.92361378149759;5.785812976764336;5.657594582516303;5.67131770711276
1989-06-01;;3.8;4.821087692210561;;;5.921201957768679;5.786410431150856;5.65628933503228;5.6704490268036
1989-07-01;;4.1;4.824305715904762;;;5.926763274894763;5.792938278822716;5.662607210362661;5.677018329913844
1989-08-01;;3.5;4.824305715904762;;;5.927946414877073;5.797727838955836;5.667040166734142;5.681637558019331
1989-09-01;;3.4;4.826712455935327;;;5.9286085047286186;5.801745191921079;5.671291949551651;5.685928411432199
1989-10-01;;3.6;4.83150862819882;;;5.935108948890799;5.808820176227447;5.679103735041517;5.693650801459294
1989-11-01;;3.5;4.835487941050301;;;5.93593538960881;5.813514834347565;5.684191746318729;5.698689754848948
1989-12-01;;3.5;4.838660029356445;;;5.94144658775384;5.8196569081744505;5.690792283234472;5.705302558135866
1990-01-01;;4.1;4.848116364598481;;;5.944353672844894;5.823592918700709;5.695499537418054;5.710044605034064
1990-02-01;;4.1;4.852030263919617;;;5.947488606502327;5.827945172997215;5.700354788196112;5.714765064546741
1990-03-01;;3.7;4.856706811803519;;;5.950958642193933;5.8315844055659705;5.704136696774759;5.718857939241443
1990-04-01;1.3862943611198906;3.6;4.859036909945142;;;5.955694939334036;5.83608827389568;5.709003711613238;5.723910892878934
1990-05-01;1.4586150226995167;3.4;4.860587297852597;;;5.954408292384232;5.836271972795397;5.708759379795837;5.723770773571547
1990-06-01;1.5260563034950492;3.8;4.866764923676554;;;5.959715309641585;5.841014948711911;5.713541302273124;5.728655641133747
1990-07-01;1.4350845252893227;3.4;4.871373226762748;;;5.962898772974068;5.844142635862186;5.716432004311513;5.731781399385499
1990-08-01;1.5260563034950492;4.6;4.879767018891217;;;5.971206950275168;5.851053006261552;5.72422001329793;5.739713408261143
1990-09-01;1.547562508716013;4.7;4.886582645426277;;;5.977231258412505;5.855976415122948;5.72965321359138;5.745573112395084
1990-10-01;1.5260563034950492;4.8;4.893352133481524;;;5.977633546827469;5.857095146643412;5.730275240765081;5.746712919113595
1990-11-01;1.5260563034950492;4.7;4.895598484107897;;;5.980363533359427;5.8586801010336576;5.731816172007933;5.748419577738078
1990-12-01;1.5040773967762742;4.7;4.8993312245375815;;;5.9832576482457815;5.861669392646975;5.734541216884147;5.751800977322321
1991-01-01;1.5260563034950492;3.9;4.903050083416319;;4.520372446448478;5.9858848506398665;5.865600972091322;5.73888171266655;5.756924782354207
1991-02-01;1.5260563034950492;3.4;4.9037921984782065;;4.520775642398425;5.992456099995122;5.87244755237682;5.746863754228199;5.765687161298369
1991-03-01;1.5260563034950492;3.3;4.9037921984782065;;4.5113157268406106;5.998042821412718;5.878851103695282;5.755112836777196;5.7740811133401735
1991-04-01;1.4350845252893227;3.2;4.906015244966153;;4.504271530781171;6.001628414559388;5.883178781915191;5.761540287513809;5.780960468707748
1991-05-01;1.4816045409242156;3.1;4.909709375506295;;4.475189307400063;6.007445767545095;5.889137326559402;5.770230206388846;5.789681487880293
1991-06-01;1.5040773967762742;3.3;4.912654885736052;;4.456076260163991;6.015229004229722;5.894482357121531;5.778337050882912;5.797599482967827
1991-07-01;1.4350845252893227;3.1;4.9141243937154115;;4.434351967303817;6.019650204867148;5.896612277830178;5.7827287501125335;5.801743572949668
1991-08-01;1.3862943611198906;3.2;4.91705694713669;;4.427602151664962;6.023874536227795;5.8982052487660885;5.785904595330218;5.805278012487691
1991-09-01;1.3609765531356006;3.0;4.919980925828125;;4.4372404254207165;6.025894285552359;5.897691299500628;5.7874588806286535;5.8073753017496195
1991-10-01;1.308332819650179;3.2;4.921439715291784;;4.4242701620969225;6.034888959236009;5.902564800426028;5.795785264073357;5.816568967935695
1991-11-01;1.33500106673234;2.9;4.925803358579558;;4.43057213347723;6.044587478392134;5.907528432099693;5.8046093009250495;5.8260943480621945
1991-12-01;1.33500106673234;2.7;4.92870191133357;;4.423957140142485;6.054910752350823;5.912885788256393;5.8145008447248605;5.836894023075804
1992-01-01;1.2809338454620642;2.7;4.929425238670713;9.1123309495952;4.422796935303684;6.069444321432414;5.9196015013257;5.828026816277008;5.8506656677481566
1992-02-01;1.2237754316221157;2.6;4.931592086755803;9.117449716293898;4.4273098420318275;6.084623924217433;5.928562973637513;5.844439534371926;5.867573205218401
1992-03-01;1.2809338454620642;2.6;4.935193098929397;9.125782462281444;4.42742579429005;6.0970616423018695;5.933565287648679;5.854800692625375;5.877921415810742
1992-04-01;1.3609765531356006;3.0;4.937347498326424;9.126525371091013;4.43477980479704;6.1045469552109015;5.935636638333283;5.8610385459255525;5.884541565771264
1992-05-01;1.3862943611198906;2.9;4.939497266262916;9.122967053167589;4.4462415759847635;6.110988796489661;5.9380029334229185;5.867519706902755;5.8918912911939385
1992-06-01;1.2237754316221157;3.1;4.942356453342962;9.138942717303896;4.4353864097131455;6.114683348768799;5.938524183604175;5.870860797192974;5.896179683676285
1992-07-01;1.308332819650179;2.7;4.945207488773801;9.139769729331707;4.4585113351593035;6.12481284077565;5.942315739534197;5.878156849718394;5.904396185686888
1992-08-01;1.4350845252893227;2.8;4.9473404437239425;9.137735806671113;4.476244176312576;6.13519404374045;5.947023614211288;5.8868044908741455;5.914131494899516
1992-09-01;1.252762968495368;3.0;4.9494688588587685;9.140027523672618;4.485444805487706;6.1506561201329015;5.9547039349006745;5.898629724017575;5.9254996935036734
1992-10-01;1.308332819650179;2.8;4.953712146696635;9.145959090059558;4.450011886770644;6.166052433261349;5.962671335977111;5.9113047010044575;5.935681871147487
1992-11-01;1.308332819650179;2.9;4.956531035103055;9.147677323164807;4.427758097087808;6.176517112397798;5.966071755672747;5.918797598405951;5.942529812063947
1992-12-01;1.2237754316221157;2.8;4.957937505095806;9.153772615714944;4.425368812926992;6.185408465528027;5.968196810909657;5.924014344354025;5.946042267593702
1993-01-01;1.2237754316221157;2.9;4.9614450499054845;9.15025275040491;4.430493710717668;6.189877892455598;5.968257342256242;5.926401547867696;5.947128521861128
1993-02-01;1.410986973710262;3.2;4.963543686562405;9.152034088928694;4.433301451334939;6.1938062103588845;5.968981458416662;5.92853039309402;5.950361346060988
1993-03-01;1.2809338454620642;3.1;4.964940334834126;9.150720810706055;4.438931152118224;6.199059675763325;5.970370771169628;5.931698229872563;5.953706557708709
1993-04-01;1.252762968495368;3.0;4.9684234452869465;9.153261789721473;4.452079556098767;6.209179657878765;5.973526183275009;5.937005623559602;5.958640563585613
1993-05-01;1.252762968495368;2.9;4.971201224850849;9.158098660144178;4.465948685730072;6.226717699869107;5.984357202642946;5.9513471215688725;5.973188959963628
1993-06-01;1.33500106673234;3.5;4.971894465779825;9.159422931213019;4.448744150031082;6.2356592770692965;5.988240451080495;5.957747755191512;5.9785276143390345
1993-07-01;1.252762968495368;3.0;4.973279507552487;9.15619813256176;4.467763499238469;6.244441865440247;5.9905850648871874;5.962328813616871;5.982541815442928
1993-08-01;1.1939224684724346;3.2;4.975353479951616;9.16055899826384;4.451710654960408;6.253840811038463;5.994178479407891;5.9681512319179975;5.988032789687887
1993-09-01;1.1939224684724346;3.0;4.976733742420574;9.168591760989862;4.441142394340387;6.263449612492003;5.9984889940667765;5.974435329218337;5.994278018307419
1993-10-01;1.252762968495368;3.3;4.980863135762585;9.166848221732574;4.431923981236044;6.271432888904;6.001724499622027;5.979427759298797;5.999378663204968
1993-11-01;1.2237754316221157;2.8;4.983606621708336;9.177341198341937;4.43123135041203;6.281856694062611;6.007683882584348;5.987566308283035;6.007452030782969
1993-12-01;1.2809338454620642;3.0;4.9856593080260785;9.180929073041522;4.451942929293058;6.2867962767504775;6.010189134854647;5.9915097271755435;6.011654434831268
1994-01-01;1.1631508098056809;2.8;4.9856593080260785;9.181193235319759;4.463361924623465;6.293967952778705;6.0124396444287465;5.9954748181563255;6.014819613522228
1994-02-01;1.1939224684724346;2.8;4.9883896851489355;9.185800656838707;4.483890157971331;6.300620759443227;6.014588536462963;5.999096804869753;6.016214786039405
1994-03-01;1.2237754316221157;3.0;4.991112627607392;9.187437846937616;4.486886802447222;6.304098479254142;6.01648498846876;6.002234150077973;6.019879396087845
1994-04-01;1.1631508098056809;3.0;4.991792206294776;9.191296225348783;4.505430861524486;6.305371105734317;6.016911064432153;6.003254098890871;6.021757652436024
1994-05-01;1.2237754316221157;3.1;4.993828175779875;9.203933233946584;4.532574205766089;6.307258708839088;6.0193283663389385;6.00579534245675;6.0234572328406815
1994-06-01;1.2237754316221157;2.7;4.996536369716754;9.199901426342757;4.554793416592035;6.309173802805492;6.016934699286829;6.002207505551107;6.019775989804804
1994-07-01;1.1631508098056809;2.9;4.99991133073328;9.20143757310163;4.56612610216647;6.314117212497443;6.019466743818726;6.003943551455347;6.021684936436128
1994-08-01;1.252762968495368;3.1;5.003946305945459;9.20753836159927;4.560968349566651;6.314597594210862;6.018682953687383;6.001538186707183;6.01944668278975
1994-09-01;1.1631508098056809;3.4;5.005957704545144;9.203828472591852;4.587548757512658;6.317472368056387;6.018818870176827;6.000249631673441;6.018216732352543
1994-10-01;1.1939224684724346;3.0;5.006627272698717;9.213389004356404;4.5842378962300065;6.3170437758693065;6.017398896290196;5.996359032737132;6.015584183049395
1994-11-01;1.1631508098056809;3.2;5.00930107108312;9.212671783669093;4.591393455860487;6.318210445909389;6.017172924491987;5.9936606634860405;6.013292705731358
1994-12-01;1.1631508098056809;3.0;5.011301738639416;9.220610476437697;4.604271428776352;6.318084823189124;6.015441608163623;5.989394182726598;6.009313386567543
1995-01-01;1.1631508098056809;3.0;5.01396308418893;9.223180875479216;4.6181208434350545;6.3193766829500975;6.0154117811666765;5.9859857470520845;6.006900922607564
1995-02-01;1.1631508098056809;3.0;5.016617365773803;9.214342763498403;4.612995124939135;6.316503250704867;6.012201884120697;5.9783570273414135;5.999041733296484
1995-03-01;1.1939224684724346;3.2;5.018603463745433;9.219378429722958;4.626615485021485;6.316348897496911;6.009927303760151;5.971675614980228;5.993508415745873
1995-04-01;1.252762968495368;3.3;5.02256386496153;9.217813317990629;4.6284212431812035;6.318729441321127;6.009848851451664;5.968746586674281;5.991340078148309
1995-05-01;1.1631508098056809;3.0;5.024538199265247;9.220200135246122;4.619405991117691;6.320532732227537;6.0142487785018135;5.971539785451054;5.994776542436285
1995-06-01;1.1314021114911006;2.9;5.026508643252546;9.229336707712795;4.628613857698855;6.3265095099022925;6.019879757553217;5.976849264675231;6.000947936990714
1995-07-01;1.1631508098056809;2.9;5.027820118850356;9.225212324580596;4.636450121995204;6.328259852456746;6.022894604567129;5.97937282942351;6.004077924533731
1995-08-01;1.1314021114911006;2.9;5.029784112935016;9.229810934162082;4.6226189452691155;6.332510070922745;6.027788480217781;5.9843960476885725;6.009103772055657
1995-09-01;1.1314021114911006;2.8;5.031091302663638;9.237898691633482;4.609697085617697;6.335100552010506;6.030760921662943;5.987398329984551;6.0122787357131315
1995-10-01;1.1631508098056809;2.9;5.033700567027251;9.235329538067544;4.605385653396131;6.338702801096688;6.034010956075816;5.990846346524272;6.015903250012637
1995-11-01;1.1314021114911006;2.8;5.03500265054455;9.235259176527917;4.602468508036893;6.33991552919204;6.0351080454739865;5.991551311584238;6.016909303609188
1995-12-01;1.1314021114911006;2.7;5.0363030408448335;9.243601762300855;4.591468859912364;6.342648066930732;6.0377595659820775;5.994330959172969;6.019862825604055
1996-01-01;1.1631508098056809;2.8;5.04148775757902;9.242524412307018;4.586642462790153;6.352501866917563;6.044430302826376;6.001788817899631;6.027605647112999
1996-02-01;1.1939224684724346;2.8;5.043425116919247;9.242925840706599;4.601762301839022;6.355083340227482;6.0480512932374815;6.0057279864743744;6.032101994007058
1996-03-01;1.1631508098056809;2.9;5.0466457316192885;9.248390560951515;4.609341883934331;6.364644877843912;6.055954375288218;6.0148918583248845;6.041690787995748
1996-04-01;1.0986122886681098;3.0;5.050496827521386;9.262690845819558;4.647081944808299;6.3735788148287105;6.0604373584652445;6.020077725575322;6.046816621702325
1996-05-01;1.1939224684724346;3.1;5.052416828111211;9.25875806732821;4.668662439282623;6.375244804376451;6.063571923765829;6.0237504340658985;6.050518591052393
1996-06-01;1.1314021114911006;2.9;5.054333149361975;9.26431884899702;4.626218312972817;6.38194032508289;6.0679861957061565;6.028913544541168;6.056163145177941
1996-07-01;1.1631508098056809;3.0;5.056245805348308;9.268457641809315;4.61547312127481;6.387240217245959;6.072237466246373;6.0334555545497786;6.06147902570787
1996-08-01;1.1939224684724346;3.1;5.057518879995106;9.27001783472519;4.615606715020987;6.390064289731335;6.074142773267022;6.034998356903846;6.063673113502696
1996-09-01;1.1631508098056809;3.2;5.060694493968993;9.274886634304522;4.578343732020366;6.3955469936579545;6.077272489516938;6.0380703918528695;6.067395097532038
1996-10-01;1.0986122886681098;3.0;5.063860055333554;9.28255183290582;4.556841602514461;6.399546865157363;6.081125389985961;6.041998036493227;6.071386084112962
1996-11-01;1.0986122886681098;3.0;5.0670156275323635;9.283771210713892;4.560972528350496;6.406068517728636;6.086763331569058;6.0480037367004575;6.0776596248463415
1996-12-01;1.0986122886681098;3.0;5.069532935343741;9.278565287452851;4.5596036161739075;6.4110110382055305;6.091784873653;6.0534606047923525;6.0835577153504685
1997-01-01;1.1631508098056809;3.0;5.071416766356115;9.279330133290742;4.585808120264505;6.416008233505098;6.095903183383906;6.057948738187656;6.0880793095229375
1997-02-01;1.1314021114911006;3.0;5.073297055220967;9.29467987652303;4.59480930706138;6.4202387266050875;6.099192554585673;6.061433772723259;6.092301034758846
1997-03-01;1.0986122886681098;2.8;5.073923033332174;9.293593276041733;4.615088600468129;6.424885230432451;6.103387078589725;6.0659667292825485;6.097618654438474
1997-04-01;1.0647107369924282;3.0;5.074548619839908;9.303178917048502;4.606849505456247;6.426745649496944;6.106407535970062;6.069068456287388;6.100754129012239
1997-05-01;1.0986122886681098;2.9;5.074548619839908;9.299936042591748;4.617293237216693;6.433954107541988;6.110340763417495;6.072922149378827;6.1049055862318085
1997-06-01;1.1314021114911006;2.8;5.076423034634259;9.309455693236801;4.575087134565222;6.439540454013318;6.114923388640327;6.077565686368509;6.1100670590423425
1997-07-01;1.0647107369924282;2.7;5.077670695432414;9.313580441603271;4.5598141438343704;6.4424623753785655;6.118581514181519;6.0812319735670535;6.1142157642795185
1997-08-01;1.0986122886681098;2.7;5.080161356744866;9.31644653737125;4.555252041435815;6.4550941940914806;6.128082001719457;6.091532589448363;6.124593916059988
1997-09-01;1.1314021114911006;2.8;5.0826458300725275;9.320505627981417;4.538660154105111;6.457458931984835;6.131237470326839;6.094928479734049;6.128532229213428
1997-10-01;1.0986122886681098;2.8;5.084505142662711;9.323310069357918;4.522829072666557;6.463049004233126;6.136555706767894;6.100724139396352;6.134532929667941
1997-11-01;1.1314021114911006;2.9;5.085742766583061;9.321197748308453;4.524371503270109;6.470523264662955;6.1430885389965955;6.1079686008876735;6.141692820646286
1997-12-01;1.1314021114911006;2.8;5.086361004624392;9.329211491100526;4.488068384166691;6.474938000556882;6.148437219075844;6.113829755158139;6.148015871327567
1998-01-01;1.0647107369924282;2.3;5.087596335232384;9.32412287100475;4.454084453819828;6.480356402936795;6.154173670756125;6.120038961848384;6.154610463521523
1998-02-01;1.0647107369924282;2.4;5.087596335232384;9.337758256433752;4.466792004716067;6.486306606599765;6.1619529008525395;6.128629346986579;6.163302304459768
1998-03-01;1.0296194171811581;2.5;5.087596335232384;9.341307677811589;4.463947679707961;6.488335930563513;6.167015827986982;6.134306056050055;6.169342604404503
1998-04-01;0.9932517730102834;2.4;5.088830141681313;9.339923511852959;4.473050064085018;6.493590633851727;6.173276185662902;6.141377400373;6.177155145963822
1998-05-01;1.0296194171811581;2.6;5.0912931971137105;9.341923915216908;4.47013771459938;6.498522546991133;6.178858617045704;6.147803313630532;6.184221391579414
1998-06-01;1.0647107369924282;2.7;5.09252245356844;9.350349855570364;4.44898597141301;6.501116111180772;6.182990788412157;6.152418820332994;6.189635281426817
1998-07-01;0.9932517730102834;2.6;5.094976442530006;9.349775947405739;4.422601357877083;6.505638310583462;6.1882579707218435;6.158504064553131;6.195984587623969
1998-08-01;0.9932517730102834;2.4;5.096201182425903;9.354226178890528;4.39331322064534;6.510355221510968;6.193938901331028;6.165158362259911;6.203514021559147
1998-09-01;1.0647107369924282;2.3;5.096812990337308;9.367121948175726;4.3793545110590815;6.5172960287350925;6.202270839501443;6.174637484951061;6.213822574902864
1998-10-01;1.0296194171811581;2.5;5.099256485749784;9.371901395922487;4.365370080675;6.5241308444410535;6.211104026503048;6.184654512027483;6.225113750140232
1998-11-01;1.0296194171811581;2.3;5.100475998096045;9.375129141374654;4.365545770658513;6.531868981836362;6.220601159500068;6.195630718767992;6.2368111385689975
1998-12-01;1.0647107369924282;2.5;5.10230248262208;9.373013512962482;4.341686867910123;6.5361086204276;6.2274264956097385;6.203799266686923;6.245553064630696
1999-01-01;1.0986122886681098;2.7;5.104125637183595;9.376043032715453;4.349384579541584;6.540498977311407;6.233938698681122;6.211719215205724;6.253459230297934
1999-02-01;1.0296194171811581;2.5;5.104125637183595;9.381424649980643;4.321604955720891;6.54265581767048;6.238663943092773;6.217470941364597;6.260055651635497
1999-03-01;0.9932517730102834;2.7;5.1047326174753715;9.38641417595338;4.314779035262158;6.544522381474779;6.240962490040468;6.2202950587950525;6.2628032318536455
1999-04-01;1.0296194171811581;2.7;5.111385197196399;9.386785365328526;4.31532333877181;6.5511515271833245;6.2481207647655586;6.228478149258352;6.271747296222321
1999-05-01;1.0647107369924282;2.8;5.111987788356544;9.391016016846654;4.32441921728356;6.558409977877116;6.254446471628207;6.23576414843224;6.279060647591241
1999-06-01;1.0296194171811581;2.5;5.111987788356544;9.390752932925531;4.309821812811656;6.558770953955653;6.258541520923378;6.240568986961275;6.2837862603890935
1999-07-01;1.0647107369924282;2.7;5.116195789756748;9.400556701420976;4.303322272511542;6.562803451387305;6.264572654230119;6.247084776401074;6.289940940391693
1999-08-01;1.0296194171811581;2.8;5.118592435601348;9.399776073117748;4.333015708350994;6.5668640379457015;6.268132100699298;6.250849189415035;6.294329310135508
1999-09-01;1.0647107369924282;2.7;5.122772794033106;9.40573641785569;4.356053641794232;6.5659835868763725;6.270332237651331;6.252777810263568;6.296380164571253
1999-10-01;1.0296194171811581;2.9;5.12455904041457;9.41223161323323;4.354909780147677;6.571393066525055;6.2753353340206255;6.257748989447531;6.302053192576803
1999-11-01;1.0647107369924282;2.9;5.126342101808226;9.418218665948114;4.354874204169238;6.5780286305831055;6.279075976688922;6.261042936171661;6.306708339650939
1999-12-01;1.0647107369924282;3.0;5.128714582161857;9.427183873360269;4.36689803342681;6.587766353286793;6.2845614035149;6.266415561002418;6.312914359158612
2000-01-01;1.0986122886681098;3.0;5.13167228913909;9.416940192961789;4.381881991173018;6.5883035141134965;6.287516364611827;6.268768835229317;6.3163636747659195
2000-02-01;1.0647107369924282;2.9;5.135798437050262;9.421803770386651;4.391427559506554;6.5816832117323685;6.287276892303336;6.267534792470926;6.3151686766924735
2000-03-01;1.1314021114911006;3.2;5.14166355650266;9.427619704265632;4.390602926119698;6.583123469741406;6.291626622528414;6.27145627952295;6.319936296387111
2000-04-01;1.0296194171811581;3.2;5.141078590121546;9.440098769703344;4.3897613577596175;6.5917627530668526;6.301879205020831;6.2818200801136195;6.330145842226107
2000-05-01;1.0647107369924282;3.0;5.1428324637076415;9.439726598491072;4.4005409578286265;6.5867583733339155;6.29802321914749;6.277057009244398;6.32603287464313
2000-06-01;1.0296194171811581;2.9;5.14865659199363;9.442693772475927;4.381876570594921;6.587115493168745;6.300825924599755;6.279070522158105;6.328306776465747
2000-07-01;1.0296194171811581;3.0;5.1515559851526325;9.435705987668102;4.371548407581073;6.590557073644948;6.305302417324531;6.282959106261551;6.33343526374078
2000-08-01;1.0647107369924282;2.7;5.1515559851526325;9.445048042740739;4.3552498026031765;6.591756372650668;6.309570020100469;6.286694313100012;6.338112468380952
2000-09-01;1.0986122886681098;2.9;5.15675380222625;9.44531877653524;4.367790691323478;6.594480287493577;6.3162053113391705;6.2934184348528674;6.345678293576901
2000-10-01;1.0986122886681098;3.2;5.158480421360237;9.449144137737779;4.343414039104462;6.5958738681230535;6.318628628474028;6.29552769665166;6.348253727678384
2000-11-01;1.0647107369924282;2.9;5.160204064418402;9.448483992357644;4.337607867335607;6.593220754021994;6.319672175343075;6.296133201515428;6.349266409617568
2000-12-01;1.0986122886681098;2.8;5.162497643405501;9.445491413445529;4.349597886276531;6.592651390252751;6.327308195548188;6.303984799152333;6.357669266782702
2001-01-01;1.0647107369924282;3.0;5.168208681201016;9.446413766694016;4.359398155302941;6.600084049080879;6.3366526797497285;6.3137739850316885;6.368672365703082
2001-02-01;1.0986122886681098;2.8;5.170483995038151;9.444269508840694;4.355795128494196;6.604687032991119;6.345591702807928;6.323691352710704;6.380566996783018
2001-03-01;1.0986122886681098;2.8;5.17105201550216;9.443905723416256;4.357789091968694;6.611608116499492;6.357538143144772;6.3375589831818875;6.395247023009515
2001-04-01;1.1314021114911006;3.1;5.172754143572691;9.448858066739096;4.362303520739114;6.619833359235509;6.370123716577164;6.35210482858642;6.410484543648323
2001-05-01;1.0986122886681098;3.2;5.177843213080163;9.454148777083727;4.377999344448023;6.6221068390538225;6.373502128689731;6.356437279586212;6.416574352155527
2001-06-01;1.0986122886681098;3.0;5.180096735160606;9.44743288125616;4.367229041185017;6.627748992855662;6.382984962580567;6.36801927186655;6.429563068077703
2001-07-01;1.0647107369924282;2.6;5.178407069875479;9.444780712019694;4.358930646011228;6.639231511592528;6.391108500449906;6.3781541184170285;6.44001370753716
2001-08-01;1.0986122886681098;2.7;5.178407069875479;9.455097787687292;4.33540515006315;6.6513442686755715;6.400828566500878;6.389900327977169;6.449141627339612
2001-09-01;1.0647107369924282;2.8;5.182345190295616;9.44101358853235;4.297132256539102;6.689331598794758;6.427404298347256;6.4206859131524565;6.4817522225443565
2001-10-01;0.9932517730102834;1.0;5.17953383055807;9.448856031756955;4.2537326821747445;6.671297804616108;6.421748000524207;6.415370107719284;6.4835078182472845
2001-11-01;1.0296194171811581;0.4;5.178970608915471;9.442629504908913;4.267688974087682;6.675820354510014;6.431774162879367;6.427643338324571;6.496644806740319
2001-12-01;1.0986122886681098;1.8;5.178407069875479;9.457735191622776;4.258580926746233;6.685659965344101;6.443451277229703;6.442470081891322;6.511537990318463
2002-01-01;0.9932517730102834;1.9;5.180096735160606;9.461265709992837;4.268337939699812;6.693489723745307;6.449757529691928;6.450957694212457;6.518418723728673
2002-02-01;1.0296194171811581;2.1;5.181783550292085;9.455399057482982;4.280063890053598;6.696000453202795;6.456035217805871;6.45905702212288;6.5263309400807525
2002-03-01;1.0296194171811581;2.7;5.184588601219693;9.460101593507938;4.308461399353321;6.7009733295219895;6.459573026704527;6.463962166969603;6.530801058680521
2002-04-01;1.0296194171811581;2.8;5.189060380611087;9.463537589132423;4.304039753872858;6.706384886638683;6.460800962323264;6.466142656267008;6.533318637192094
2002-05-01;1.0986122886681098;2.7;5.190175207928333;9.462818788134602;4.31331709610593;6.710461370181094;6.466659911217661;6.472828818026412;6.53972253856539
2002-06-01;1.0296194171811581;2.7;5.190732155868099;9.466921764186472;4.342630608815276;6.713829082438378;6.471778446502316;6.478763127605441;6.544327237801392
2002-07-01;1.0296194171811581;2.6;5.19295685089021;9.47182936722887;4.370929105864001;6.718811947800484;6.479646875766845;6.487848752374742;6.5520692977678285
2002-08-01;1.0647107369924282;2.6;5.195730777772936;9.467017380319993;4.3710757041022115;6.720374600913229;6.4871515223026845;6.4967273625177455;6.558102575917427
2002-09-01;0.9162907318741551;2.5;5.1973914479580765;9.468991384873174;4.394888455613312;6.727636436804127;6.4927484140755665;6.50389186358428;6.561999987646008
2002-10-01;1.0296194171811581;2.5;5.199601393608879;9.46582458076442;4.3992408015936615;6.73249358093754;6.500841036835044;6.513577918962198;6.567995336965888
2002-11-01;1.0296194171811581;2.4;5.201255653704905;9.46917858811161;4.38975446609116;6.7363420630472675;6.5096382284852;6.523859594074577;6.5856562307074205
2002-12-01;1.0296194171811581;2.5;5.202907181743378;9.474718233326957;4.38169305728999;6.743574893552662;6.5139884768040615;6.529387184289425;6.593559559210122
2003-01-01;0.9932517730102834;2.5;5.207297968160868;9.472216006604194;4.398533201233249;6.748391709087085;6.520156872130157;6.537185832368176;6.596611694019741
2003-02-01;0.9932517730102834;2.7;5.21275947818639;9.47830623730326;4.405343271111063;6.755081381438452;6.5268026907588315;6.54545523067873;6.602205574125872
2003-03-01;1.0296194171811581;3.1;5.214392131610276;9.474736497103333;4.38260714303409;6.756373504613371;6.530213225884303;6.54993749995674;6.603764922716026
2003-04-01;0.9932517730102834;2.4;5.21057845224003;9.481328584150715;4.377870622923171;6.764797705890322;6.537260243989012;6.558440318387041;6.608168496914959
2003-05-01;1.0296194171811581;2.0;5.20893955539682;9.48034093845952;4.383805046014555;6.776152267434221;6.548224113173123;6.571377405480048;6.616756290086548
2003-06-01;0.9932517730102834;2.1;5.210032451680465;9.491288271315923;4.371956455088631;6.7855274875875695;6.5555167789480056;6.580306463113887;6.624935763964483
2003-07-01;0.9932517730102834;1.7;5.21330399222108;9.495816344932056;4.3621729763663435;6.79316611513818;6.563920501968459;6.5910919488408215;6.63905874080735
2003-08-01;0.9932517730102834;2.5;5.217649463480582;9.500468186382744;4.3792998486011845;6.802102565606532;6.574084689436702;6.603796966041478;6.645211458357847
2003-09-01;0.9932517730102834;2.8;5.220896219579452;9.50651044609128;4.4060851904500495;6.806655606777764;6.5698433731539785;6.600042810738863;6.641188297719944
2003-10-01;1.0296194171811581;2.6;5.219815138393079;9.508223383200319;4.444627326791999;6.8084930125136065;6.568492950999816;6.599238672618522;6.638757120437517
2003-11-01;0.9932517730102834;2.7;5.220355825078324;9.514246624137034;4.4652538337195775;6.813695863429966;6.5698714355820576;6.601277558815126;6.638527944526087
2003-12-01;1.0296194171811581;2.6;5.22305488204749;9.515208503535524;4.478945756005569;6.8216921224490585;6.570228564765933;6.601910159307918;6.635376251202313
2004-01-01;1.0296194171811581;2.7;5.227358277607543;9.510683638919684;4.519697918567193;6.821562546176838;6.571833060162198;6.604031565010967;6.63737013635554
2004-02-01;1.0647107369924282;2.6;5.2295030505476765;9.519106127185093;4.550368385962308;6.834922888365243;6.579018706078676;6.612321852644733;6.643910331325671
2004-03-01;1.0647107369924282;2.9;5.231643233280044;9.52504611318557;4.573444269549584;6.846675251850657;6.58542408454272;6.619720635393237;6.650741802691956
2004-04-01;0.9932517730102834;3.2;5.2332453698043215;9.52305745497494;4.5751984904637615;6.849445415577381;6.592259749427498;6.627621023060478;6.657972717811657
2004-05-01;1.0296194171811581;3.3;5.23750522715128;9.530261498384899;4.569844114906449;6.856648323230803;6.604966976307103;6.641877343904978;6.670579443866021
2004-06-01;1.0647107369924282;3.3;5.241217774507464;9.523472381322435;4.562470626055774;6.862706581266542;6.605694588400415;6.642720249674798;6.670723366353854
2004-07-01;1.0296194171811581;3.0;5.242275975664412;9.53351968689243;4.555982023877243;6.862075487741219;6.6077067600005694;6.644829230639187;6.6712315192106555
2004-08-01;0.9932517730102834;2.8;5.2428046566177775;9.53488830805593;4.531987087740225;6.87084683892417;6.6125201274397565;6.649805371365617;6.674477361709923
2004-09-01;1.0296194171811581;2.8;5.245970886175828;9.535542844400196;4.523810417891776;6.877771345441769;6.618672496417444;6.656197566063772;6.678828434089677
2004-10-01;1.0296194171811581;3.1;5.251225759014186;9.542480179408209;4.517379982210993;6.87802929401942;6.623249686594592;6.660655505107613;6.680945661411416
2004-11-01;0.9932517730102834;2.8;5.255931650051599;9.542785313254878;4.520685098859179;6.8853067080225365;6.6278601265058255;6.66501343538244;6.684558926800298
2004-12-01;1.0296194171811581;3.0;5.255931650051599;9.54450389441405;4.526028806257626;6.887196453669267;6.630656927813914;6.6671998306076725;6.686023500746317
2005-01-01;0.9932517730102834;2.9;5.25540986553676;9.554373631239654;4.554160734035164;6.8838187034644625;6.6310423581984095;6.666351758119877;6.684757207585611
2005-02-01;1.0296194171811581;2.9;5.259576538231606;9.551565523892553;4.579332136901523;6.886816627516858;6.632010173262959;6.6660174713093046;6.683851524136545
2005-03-01;1.0647107369924282;3.2;5.263208189434469;9.555646639532847;4.6247908174063275;6.890629914348859;6.633230611107631;6.6658524421383065;6.6834091708212675
2005-04-01;1.0986122886681098;3.3;5.2663105704129505;9.558508653886692;4.597829616665411;6.8854631382313025;6.633546816422171;6.664649118591066;6.6830132662880555
2005-05-01;1.0647107369924282;3.2;5.265794174842477;9.555284061457792;4.593512451468761;6.8915124679063835;6.63517298213433;6.6646977177751054;6.682949830501287
2005-06-01;1.0296194171811581;3.2;5.2663105704129505;9.563406243310624;4.6020488316412775;6.900907398607536;6.6402635355940225;6.6687322598944725;6.6875803641853775
2005-07-01;1.0647107369924282;3.0;5.272486606513515;9.566025685418275;4.602609784645925;6.897329178448517;6.644291849356248;6.671661520659171;6.691399410655989
2005-08-01;1.0296194171811581;3.1;5.2786247332023;9.569215351960347;4.61009781400852;6.9040248148966095;6.649128675684816;6.675425770824551;6.695340209567361
2005-09-01;1.1314021114911006;4.3;5.292299294222474;9.56706334307333;4.6058478105313;6.905511829774926;6.65351349534083;6.679062252175586;6.6997279452223815
2005-10-01;1.1631508098056809;4.6;5.293807211070151;9.568028596222327;4.615389371197036;6.9058811776903175;6.657805159578582;6.683102727390644;6.7040294771979205
2005-11-01;1.0986122886681098;3.3;5.288771953704505;9.572234863038073;4.618730673195555;6.907302671364758;6.659342001133219;6.68363177230688;6.704624888427931
2005-12-01;1.1314021114911006;3.1;5.288771953704505;9.579111057476792;4.65439674765847;6.908162553469308;6.662940421829044;6.686254893586608;6.707911665504887
2006-01-01;1.0647107369924282;3.0;5.294811227218749;9.582107855752568;4.688170891999922;6.912381834568563;6.6685801851862525;6.691106243757878;6.712958260762549
2006-02-01;1.0647107369924282;3.0;5.295312857527738;9.5822901530378;4.718172792298954;6.913885659247368;6.671080031266818;6.692123400760901;6.71398324532934
2006-03-01;1.0647107369924282;3.0;5.296816240421769;9.59080868170203;4.724925414658645;6.917411963659783;6.672070556840048;6.691426885887662;6.713652540389679
2006-04-01;1.1314021114911006;3.3;5.301811255802292;9.585664911347182;4.7800892049135255;6.917672499302973;6.675742219487299;6.693628546508838;6.716288659180497
2006-05-01;1.1631508098056809;4.0;5.304796332645746;9.58985762000656;4.862557394622262;6.9217058807340655;6.674713459012335;6.690518172824726;6.714040625460807
2006-06-01;1.0647107369924282;3.3;5.307277107919509;9.58866013072762;4.83478780673802;6.916538137901987;6.677293732505503;6.691499559252987;6.715777727921911
2006-07-01;1.0647107369924282;3.2;5.312713246831769;9.585599999440673;4.851590009024116;6.917476325151348;6.681067776388391;6.693317835681688;6.718330243325379
2006-08-01;1.1631508098056809;3.8;5.3171391207886245;9.588449653463558;4.848974147706654;6.920523635207321;6.683433618174533;6.693624394303285;6.71956142916383
2006-09-01;1.0986122886681098;3.1;5.312220271717028;9.592811456602318;4.829533204456177;6.9180211110753245;6.6853708518045165;6.694077469393844;6.720871517375445
2006-10-01;1.1314021114911006;3.1;5.307772525318792;9.593676136625302;4.853374190154308;6.920668850202497;6.69161031099925;6.6992001430844725;6.726680927977692
2006-11-01;1.0986122886681098;3.0;5.308267697401205;9.599074449850075;4.869456520412751;6.9205388430458745;6.695327143372546;6.702393847430265;6.730374659711214
2006-12-01;1.0986122886681098;2.9;5.313698468586339;9.597504563846226;4.8854558069451315;6.920011400875507;6.700833043969077;6.707703896883447;6.7369092585834265
2007-01-01;1.0986122886681098;3.0;5.315356374642572;9.595621621707634;4.876375609161514;6.924382873163282;6.705396990226486;6.7121050224592995;6.740637363929457
2007-02-01;1.0647107369924282;3.0;5.319227223776111;9.601272140589355;4.900866422414754;6.921655752706259;6.706465326527394;6.712347423372956;6.741371808559981
2007-03-01;1.0647107369924282;3.0;5.324413871269311;9.595209702532157;4.9174055757393695;6.923947631682577;6.710011050371351;6.7157348947177935;6.745789792315586
2007-04-01;1.1314021114911006;3.3;5.327410040751309;9.604168081881925;4.959952727980605;6.932543661688872;6.719676239568522;6.725586872883122;6.75625103457694
2007-05-01;1.1314021114911006;3.3;5.331534517408233;9.605462598132217;4.972645104838888;6.934284492654633;6.720713334718792;6.726285252889997;6.75819086464359
2007-06-01;1.0647107369924282;3.4;5.333848589587692;9.605348309313941;4.9687903879399435;6.9285079107242495;6.723949912049117;6.729770098331149;6.762554700910523
2007-07-01;1.1314021114911006;3.4;5.335627602054373;9.604975068902142;4.967332798825888;6.931523922143626;6.727329864532265;6.733183204679857;6.767458381114976
2007-08-01;1.0647107369924282;3.2;5.335935835254491;9.614135576038725;4.931394848794065;6.9375550336762615;6.736566429659248;6.743054911219554;6.780125071030548
2007-09-01;1.0647107369924282;3.1;5.34016443549993;9.615949941354495;4.95056635724679;6.937795793689338;6.737778806261308;6.7434563234915;6.785377929283838
2007-10-01;1.0296194171811581;3.1;5.343242929901029;9.611834591306467;4.965747596234913;6.941041584300356;6.739331696191763;6.7440724729636665;6.789279988575476
2007-11-01;1.0647107369924282;3.4;5.351071093983903;9.615714402895946;4.961016273086821;6.938471917795086;6.741334394599737;6.745734775674005;6.793080222384157
2007-12-01;1.1314021114911006;3.4;5.353964917386851;9.618212399279617;4.963810960286112;6.9404185645985175;6.743706909400418;6.74808714159218;6.79693535844774
2008-01-01;1.0986122886681098;3.4;5.357406692754025;9.61753509030325;5.023816054388204;6.943340728948761;6.746062744936137;6.750252161144247;6.7994323786763085
2008-02-01;1.0986122886681098;3.6;5.359821601391479;9.601408407243193;5.0939488941925735;6.9450144230968025;6.754459713114781;6.759091999865581;6.810060877725773
2008-03-01;1.0647107369924282;4.3;5.363393243284224;9.606226917345653;5.134495452982834;6.9491651889703725;6.764301464414082;6.770544960210113;6.8239867872335
2008-04-01;1.1631508098056809;4.8;5.365704950249732;9.607087424652065;5.125697128053894;6.952169999410438;6.768659600915995;6.77552845911462;6.830516343300567
2008-05-01;1.2237754316221157;5.2;5.371605002317856;9.60857580012832;5.113254336697984;6.953277005617683;6.771135685069442;6.778304853940361;6.834623506857697
2008-06-01;1.2237754316221157;5.1;5.382028721115022;9.62430969461429;5.129477659348671;6.958123300151336;6.774502388399124;6.7821646872696295;6.83979843371966
2008-07-01;1.1631508098056809;5.1;5.389144786508527;9.614283034583742;5.132701236799056;6.966057017456205;6.780643545843423;6.787690098480977;6.84541537206974
2008-08-01;1.1631508098056809;4.8;5.387655201900231;9.609506781986928;5.0702861075713885;6.961836600971174;6.78097494135049;6.7853928854961625;6.844854954068566
2008-09-01;1.0986122886681098;4.3;5.3885099281999045;9.60181845364883;5.008226583367326;6.987435501383776;6.791849627544892;6.794942428319577;6.8501051573982235
2008-10-01;1.0647107369924282;3.9;5.3798743118003465;9.59160188414571;4.83925817582202;6.991084603011884;6.80411803228654;6.801300507289506;6.854511196654662
2008-11-01;1.0647107369924282;2.9;5.362010217707528;9.593468329054813;4.760593835180367;6.9989216030569565;6.810129348684309;6.804905721854662;6.866345446684433
2008-12-01;0.9555114450274363;1.7;5.353742612653447;9.576425375664387;4.697625240633687;7.040950515276301;6.835214291867561;6.830738978838568;6.892688001866609
2009-01-01;1.0647107369924282;2.2;5.356270186985713;9.57527977730565;4.748127351815022;7.043349526400991;6.845898613459785;6.843386821971501;6.908284442021394
2009-02-01;1.1314021114911006;1.9;5.359906229217159;9.572598590399327;4.724019185463184;7.041729588201008;6.849475775327663;6.848482271157353;6.914961505235982
2009-03-01;0.9555114450274363;2.0;5.358918458675886;9.571857450454752;4.7116457616172065;7.046330924972162;6.858160231757583;6.859250132930438;6.925082940639966
2009-04-01;1.0296194171811581;2.8;5.359925034428083;9.571608916732048;4.756298791048557;7.060089518110628;6.860464509008403;6.863198363901353;6.928763621406003
2009-05-01;1.0647107369924282;2.8;5.3613954467607305;9.57267084242488;4.818217267313111;7.0623215060323865;6.868490102317824;6.872631649815848;6.9373740442863605
2009-06-01;1.0986122886681098;3.1;5.369660806616172;9.57138807258747;4.859269278863089;7.077405208752188;6.870975905835342;6.8771818919636605;6.9388625112052695
2009-07-01;1.0986122886681098;2.9;5.369362796761016;9.5713186119489;4.866321314815556;7.0771191941883504;6.871562137886633;6.8801481126844966;6.9386944141264415
2009-08-01;1.0296194171811581;2.8;5.372705656551895;9.577348714807227;4.920996465749284;7.077895746315466;6.8718790115303765;6.882738018449892;6.934586428005343
2009-09-01;1.0296194171811581;2.2;5.374634682018732;9.576789881642812;4.8855010949626685;7.080927499130652;6.8719004642869495;6.885765343383674;6.930965464783277
2009-10-01;1.0647107369924282;2.9;5.377632117017317;9.588369465053205;4.90375517695249;7.086855260604363;6.875324588676798;6.8934000942908575;6.928236904719329
2009-11-01;1.0986122886681098;2.7;5.380975113562248;9.586000203960078;4.948097619325591;7.089225630716442;6.879487911394161;6.901063088883281;6.9275020292561935
2009-12-01;0.9932517730102834;2.5;5.3814951547170455;9.57998995752915;4.982873900805271;7.094194727229981;6.879386574171065;6.904118456544354;6.923045408588972
2010-01-01;1.0647107369924282;2.8;5.382143676592892;9.585220745173167;5.010680781440731;7.0874133119633;6.8750059740034875;6.9026719104837415;6.917335270295233
2010-02-01;0.9932517730102834;2.7;5.381191446716147;9.587508405474956;4.994763219640941;7.0976153935543405;6.881422204875364;6.912553535729607;6.918245441045637
2010-03-01;0.9932517730102834;2.7;5.381522759962044;9.594564489842144;5.031441532937757;7.102378239083945;6.881481231293378;6.915183559704281;6.912272392224313
2010-04-01;0.9932517730102834;2.9;5.38175277403992;9.597111025549072;5.091041847797428;7.097162212681942;6.8854089376801575;6.92202755852545;6.908333120199915
2010-05-01;1.0647107369924282;3.2;5.381232866875345;9.598414393430808;5.044978611328937;7.101812753383258;6.891796424601135;6.93160059227602;6.910650298561612
2010-06-01;1.0296194171811581;2.8;5.380813983997617;9.600645616285679;5.008826428565766;7.10910228986226;6.893841364625803;6.9360543994527575;6.911430381495825
2010-07-01;1.0647107369924282;2.7;5.382681492658975;9.604418942438803;5.023917508133006;7.105268827280708;6.894375515750183;6.938680553607563;6.914101587624941
2010-08-01;1.0296194171811581;2.7;5.384141789386214;9.604014875885499;5.08090133503088;7.11708776599555;6.900080798020718;6.9471069757972685;6.92190440024276
2010-09-01;0.9932517730102834;2.2;5.385755735696871;9.607916520723622;5.105094060308123;7.123885792949644;6.9032126319060145;6.9533193354044025;6.9270199893509465
2010-10-01;1.0296194171811581;2.7;5.389231534398666;9.612100402772947;5.158046356314993;7.129912361500209;6.9092807771853675;6.962947067903903;6.933448705710398
2010-11-01;1.0296194171811581;3.0;5.3917621712579;9.608821899025239;5.184213635090908;7.148670226088424;6.912897260512102;6.969761351002659;6.938481464408268
2010-12-01;1.0296194171811581;3.0;5.395770702696749;9.614272608954863;5.237224688311266;7.152695229526657;6.91711214789524;6.9770746937461015;6.9412854148847485
2011-01-01;1.0647107369924282;3.4;5.399008497577555;9.604799456371023;5.2880944435803645;7.160129619346898;6.921882080276762;6.984516068619397;6.941888848527151
2011-02-01;1.0647107369924282;3.4;5.402217816828981;9.602522275622425;5.322535634248204;7.167186993042009;6.927534532570166;6.992266776569184;6.9460333490053925
2011-03-01;1.1631508098056809;4.6;5.407378028214637;9.616214985694798;5.306938295246428;7.174203962871047;6.933021824282052;6.999775437540357;6.954651794905912
2011-04-01;1.0647107369924282;4.6;5.412061144263693;9.618933840277597;5.330222371285322;7.177476423329631;6.940467947026247;7.0093147604045045;6.965558692927869
2011-05-01;1.0647107369924282;4.1;5.415237808054813;9.615305389165066;5.294312630023354;7.191277837042718;6.946202495508287;7.017063682691985;6.97396159591788
2011-06-01;1.0986122886681098;3.8;5.415237808054813;9.61109351973175;5.276381290758379;7.196619178175326;6.9551987606164865;7.028423024801352;6.9808758472510215
2011-07-01;1.0647107369924282;3.4;5.4178544185734765;9.616411333508058;5.277643181588778;7.212384252221438;6.975399016294771;7.052064403032015;6.996448557174131
2011-08-01;1.0647107369924282;3.5;5.4210039158623875;9.621590569024827;5.260749205034009;7.253476414319035;6.998464642126543;7.078735962583584;7.009300483403687
2011-09-01;1.0296194171811581;3.3;5.423173109318271;9.61365195643646;5.226121063000316;7.257966570943607;7.000514204996559;7.0823965906783775;7.013855654709997
2011-10-01;0.9932517730102834;3.2;5.423848088995246;9.632399372568456;5.149810773583372;7.262526931929274;7.004106776878863;7.0875859725302846;7.0177792585000125
2011-11-01;0.9932517730102834;3.2;5.425694233875741;9.627281456896062;5.12172204552849;7.272072197332412;7.009502598820719;7.094481665904803;7.022743992528649
2011-12-01;0.9932517730102834;3.1;5.425931914117709;9.625571408326861;5.106489579410478;7.272024942813653;7.013983039031188;7.100045012201197;7.027871912445938
2012-01-01;0.9932517730102834;3.3;5.4286524062749715;9.630842375554254;5.132309747237199;7.285671026813488;7.022760923674361;7.110588510205744;7.035915698963338
2012-02-01;1.0647107369924282;3.3;5.430787571311839;9.641285878891589;5.159190005292128;7.288036156580821;7.027719733546282;7.117081819885183;7.040361251241187
2012-03-01;1.0986122886681098;3.9;5.432878853443238;9.63292775401296;5.171088889142458;7.294377311328463;7.032693224167388;7.123778787410189;7.046637826680755
2012-04-01;1.0647107369924282;3.2;5.434538264209312;9.638338620363164;5.164823698086542;7.3034630179973234;7.038619131468952;7.131387501248572;7.052406397229282
2012-05-01;0.9932517730102834;3.0;5.43246794243903;9.63937509579238;5.134669102310578;7.306971886922144;7.04146517971641;7.1356383243648756;7.055712222706339
2012-06-01;1.0296194171811581;3.1;5.431641237641456;9.641343623683214;5.111855314530029;7.315478873309471;7.04802000102641;7.143582268259517;7.06169350721689
2012-07-01;0.9932517730102834;3.0;5.431930005871957;9.644235025804203;5.152113721045922;7.335843832280951;7.054978006493998;7.1521425099753735;7.068826262123668
2012-08-01;1.0986122886681098;3.6;5.43772272361508;9.636866728889649;5.135467893758308;7.351014552982893;7.061765366724937;7.160221103110987;7.0767469799559715
2012-09-01;1.0296194171811581;3.3;5.442482643478538;9.641531067736489;5.144040351560809;7.369865583671586;7.06944610231013;7.169305959718067;7.084657213517928
2012-10-01;0.9932517730102834;3.1;5.445175808232938;9.63540035988451;5.135019008044263;7.3874863072010815;7.075374608619192;7.176775840882487;7.089948314921516
2012-11-01;1.0296194171811581;3.1;5.443495052058861;9.639567195688437;5.127471417094753;7.387699467972871;7.083090742209323;7.186146244149484;7.097158135082093
2012-12-01;1.0647107369924282;3.2;5.443373963123213;9.648314535595123;5.147516342116648;7.405513148188655;7.09580048895454;7.200815298364809;7.11036550725195
2013-01-01;1.0647107369924282;3.3;5.445063557828071;9.65233037537654;5.169879545010785;7.410577790931147;7.098535784835991;7.204576000239363;7.115684209083812
2013-02-01;1.0986122886681098;3.3;5.450974073810965;9.644374453008595;5.1759190733443425;7.408953529474091;7.098425920832072;7.205363405325787;7.116577707576661
2013-03-01;1.0296194171811581;3.2;5.448025334988794;9.647510668403376;5.147315131890408;7.412288603647032;7.1053984629924605;7.21290210584758;7.121771578356084
2013-04-01;1.0647107369924282;3.1;5.445853360353768;9.65046219880872;5.132787884918057;7.427485643295233;7.109147198716718;7.217546320579838;7.126765028964876
2013-05-01;1.0647107369924282;3.1;5.446375237137999;9.645670342261697;5.1413324396435;7.433503359964126;7.112348507135812;7.221886736319067;7.129809053794112
2013-06-01;1.0647107369924282;3.0;5.44834814264343;9.653825693887756;5.131432219388778;7.4318797520693325;7.117065151375201;7.22811206401784;7.1353565029152985
2013-07-01;1.0296194171811581;3.1;5.4505619452038365;9.65550211254183;5.128652323932574;7.439035116109568;7.121964576868613;7.2342726975495575;7.140804748136167
2013-08-01;1.0647107369924282;3.0;5.452423759680368;9.659594194325086;5.118735122167194;7.441830980093139;7.12700681332868;7.23988949125684;7.145508128185437
2013-09-01;1.0986122886681098;3.3;5.453747227873675;9.657938668453196;5.093472497246873;7.454740894755727;7.131545317872715;7.24513567035062;7.152287890586628
2013-10-01;1.0296194171811581;3.0;5.454115260401633;9.663548100050004;5.097739464755943;7.464783156444615;7.141132267606512;7.255572681755334;7.160459115197697
2013-11-01;1.0647107369924282;2.9;5.455838075727754;9.67023561005911;5.097595097379813;7.465950648981155;7.1432227504649735;7.258166624879205;7.162921985727613
2013-12-01;0.9932517730102834;3.0;5.458406095499087;9.66837315119003;5.113384260106381;7.483181366459719;7.149408556949187;7.2646466342879545;7.1674700524188975
2014-01-01;1.0647107369924282;3.1;5.4612224714704825;9.661486846532894;5.104130824306154;7.503486924860235;7.154467125492113;7.270817794945189;7.172562574966769
2014-02-01;1.0647107369924282;3.2;5.462441007806902;9.665213908977329;5.11536336785104;7.5144708937630424;7.1620625998399365;7.279176088094058;7.179762066087062
2014-03-01;1.0647107369924282;3.2;5.463738580341341;9.6665445970196;5.134627298302059;7.525296827352469;7.166163602903075;7.283814816200469;7.182969031550993
2014-04-01;1.0647107369924282;3.2;5.465825578848867;9.669871989802052;5.146049980578277;7.533303501318518;7.171295262307532;7.289629203297495;7.186491903194183
2014-05-01;1.0296194171811581;3.3;5.467351029015056;9.674816114620075;5.128110172207699;7.540429331389878;7.1772780918855466;7.296116697184568;7.192061378416213
2014-06-01;1.0647107369924282;3.1;5.4681824965186046;9.677698598474727;5.103301165306054;7.55311606410277;7.1817912414389244;7.301033274445188;7.1956585014744485
2014-07-01;0.9932517730102834;3.3;5.46984757226377;9.683262373197852;5.106060805714553;7.554286090744848;7.186946739173345;7.306599026804744;7.200541096145423
2014-08-01;1.0647107369924282;3.2;5.4691397269489705;9.68986576906244;5.088679798822204;7.538911764506004;7.1890139106930135;7.308914197111763;7.201915164291444
2014-09-01;1.0296194171811581;3.0;5.47010867436881;9.685582635429538;5.050939298632113;7.561870592311621;7.19220641500149;7.312613438202781;7.206201551112673
2014-10-01;1.0296194171811581;2.9;5.470192886313482;9.68911506598044;5.036724392112955;7.563063156829139;7.196081343648434;7.316979682671817;7.211661673225818
2014-11-01;0.9555114450274363;2.8;5.468557907524243;9.694182201023375;5.035720535032775;7.569421625421065;7.2009462020052775;7.322611451104536;7.217543719784689
2014-12-01;1.0296194171811581;2.8;5.465059864211477;9.692566182042224;5.015327943874348;7.589454489669022;7.208048775157537;7.3304980217491265;7.225925256339402
2015-01-01;1.0296194171811581;2.5;5.459215232832538;9.695458589839811;4.9826382491164045;7.592483507233005;7.213641509692211;7.336770831136863;7.23066153183661
2015-02-01;0.9932517730102834;2.8;5.461664203236055;9.700835825492618;4.958999753143442;7.615048093721668;7.223833122530363;7.3476850671863;7.2399874547735585
2015-03-01;1.0296194171811581;3.0;5.463785193769831;9.69476419598645;4.935893589567021;7.614600969542288;7.225691362493515;7.350465243468723;7.243165346923901
2015-04-01;0.9555114450274363;2.6;5.4646831374545535;9.700640825714217;4.928756297612117;7.611478256404546;7.229398683454313;7.355125372574393;7.246353333233249
2015-05-01;1.0296194171811581;2.8;5.467600119729693;9.702326982792455;4.9378302025381675;7.606484772746666;7.232181606115825;7.358834272724549;7.250062470019543
2015-06-01;0.9555114450274363;2.7;5.469826512671442;9.707417988979056;4.927163103939835;7.617501726966448;7.236016439881022;7.363515518472232;7.254865613958106
2015-07-01;1.0296194171811581;2.8;5.4717495294960745;9.703768538483308;4.907677490488362;7.620795088676102;7.240556579958518;7.369353011864705;7.261428068106582
2015-08-01;0.9932517730102834;2.8;5.471476240545968;9.706918709539165;4.869648444205428;7.618629721414955;7.2447867123629734;7.37486451716797;7.267927074262352
2015-09-01;0.9932517730102834;2.8;5.470028666452195;9.714428919814026;4.849936568839107;7.620473122875531;7.249205720724867;7.38086216384097;7.271303691008253
2015-10-01;0.9162907318741551;2.7;5.471396341975058;9.708221040679268;4.84362223407482;7.610417421171795;7.250161626847527;7.382512820806362;7.274710012452451
2015-11-01;0.9555114450274363;2.7;5.472913324270193;9.710578523939741;4.804396876720908;7.634259067637865;7.258937555407507;7.391984893941302;7.282722216475288
2015-12-01;0.9555114450274363;2.6;5.471623405415036;9.712856094332196;4.803496381611214;7.638240225090586;7.263834700304803;7.397570974646921;7.2859609159406045
2016-01-01;0.9932517730102834;2.5;5.472715952671325;9.71329223174345;4.802406782912293;7.644412785804973;7.274348955784291;7.408792665815238;7.2887170519533715
2016-02-01;0.9162907318741551;2.5;5.471463625406539;9.708397658525904;4.799456292458481;7.649938601459223;7.279786083008152;7.414734414719722;7.295167019469536
2016-03-01;0.9932517730102834;2.7;5.472598351071808;9.716193146252607;4.8527257708543;7.663592492726236;7.285712679223232;7.421329631380685;7.303505327672792
2016-04-01;0.9162907318741551;2.8;5.47607854058566;9.720736828422977;4.8735271475487965;7.676245176084341;7.292606129879964;7.4287996366867555;7.310254986463683
2016-05-01;0.9162907318741551;2.4;5.477977050366178;9.712874544865473;4.884000406474064;7.6920706054094925;7.298516708758847;7.435177735586687;7.316514615210456
2016-06-01;0.9555114450274363;2.6;5.479980373212114;9.71480593405963;4.9086195946525;7.691138001022941;7.303917737174897;7.440972103775562;7.322313677775235
2016-07-01;0.9555114450274363;2.7;5.480213833003894;9.72035471574357;4.913611677352332;7.6918682904108655;7.30866360370677;7.446176611304308;7.326832589366412
2016-08-01;0.9162907318741551;2.5;5.482258444542619;9.725085854918232;4.890487479801463;7.719442219793472;7.3153936638025465;7.453631223159535;7.334590306861122
2016-09-01;0.9555114450274363;2.4;5.484821829446308;9.728869028506654;4.87626749147571;7.71940345655264;7.319988995137223;7.45877358656737;7.337505301424821
2016-10-01;0.8754687373538999;2.4;5.487672463239128;9.722396583363786;4.88365154739983;7.72079694727008;7.324041647107818;7.463370567179358;7.338226764062216
2016-11-01;0.9555114450274363;2.4;5.489759702291311;9.732837697348401;4.919375743283555;7.7229747736945455;7.329834871754997;7.469803922098662;7.343649592268948
2016-12-01;0.8329091229351039;2.2;5.492324546384262;9.73442405395706;4.93237128120768;7.718123390042758;7.332515736592847;7.473067464019724;7.3464727546518755
2017-01-01;0.9555114450274363;2.6;5.497815556712609;9.728909515072294;4.965114939885294;7.7388601963839605;7.338774002817445;7.479682534672658;7.349219513144088
2017-02-01;0.9162907318741551;2.7;5.4990353336201405;9.732403040050302;4.978338429134609;7.7302232374961815;7.341540489808992;7.482560778970805;7.351984932823433
